<code_scheme name="Default" version="173">
  <files>
    <extensions>
      <pair source="cpp" header="h" fileNamingConvention="LOWERCASE" />
      <pair source="c" header="h" fileNamingConvention="LOWERCASE" />
      <pair source="cu" header="cuh" fileNamingConvention="LOWERCASE" />
      <pair source="ixx" header="" fileNamingConvention="NONE" />
      <pair source="mxx" header="" fileNamingConvention="NONE" />
      <pair source="cppm" header="" fileNamingConvention="NONE" />
      <pair source="ccm" header="" fileNamingConvention="NONE" />
      <pair source="cxxm" header="" fileNamingConvention="NONE" />
      <pair source="c++m" header="" fileNamingConvention="NONE" />
    </extensions>
  </files>
  <codeStyleSettings language="CMake">
    <indentOptions>
      <option name="CONTINUATION_INDENT_SIZE" value="4" />
    </indentOptions>
  </codeStyleSettings>
</code_scheme>