<application>
  <component name="CPPToolchains" version="9">
    <toolchains detectedVersion="5">
      <toolchain name="Visual Studio" toolSetKind="MSVC" toolSetPath="C:\Program Files\Microsoft Visual Studio\2022\Community" customCMakePath="D:\devtools\CMake\bin\cmake.exe" debuggerKind="BUNDLED_LLDB">
        <toolSetOption type="msvc.arch" value="x86_amd64" />
      </toolchain>
      <toolchain name="Visual Studio x86" toolSetKind="MSVC" toolSetPath="C:\Program Files\Microsoft Visual Studio\2022\Community" debuggerKind="BUNDLED_LLDB">
        <toolSetOption type="msvc.arch" value="x86" />
      </toolchain>
      <toolchain name="remote.159" toolSetKind="SSH" customCMakePath="\usr\bin\cmake" hostId="359ac079-32c4-4b58-a2a0-69e81b6d804d" sshConfigName="root@192.168.1.159:22 password" debuggerKind="CUSTOM_GDB" customGDBPath="\usr\bin\gdb" />
      <toolchain name="remote.159.qt6" toolSetKind="SSH" customCMakePath="\usr\bin\cmake" hostId="52d8628f-f09f-4651-907b-0dd87fdcf40f" sshConfigName="root@192.168.1.159:50016 password" debuggerKind="CUSTOM_GDB" customGDBPath="\usr\bin\gdb" />
      <toolchain name="test" toolSetKind="SSH" customCMakePath="\usr\bin\cmake" hostId="ca98e3e0-7d7d-43f1-8dac-f8268bc6af2c" sshConfigName="lyf@139.9.189.48:22 password" debuggerKind="CUSTOM_GDB" customGDBPath="\usr\bin\gdb" />
    </toolchains>
  </component>
</application>