<application>
  <component name="CosySettings">
    <option name="dedicatedDomainUrl" value="" />
    <option name="localStoragePath" value="C:\Users\Admin\.lingma" />
    <option name="manualOpenLocalModel" value="true" />
    <option name="parameter">
      <ChangeUserSettingParams>
        <option name="allowReportUsage" value="true" />
        <option name="cloud">
          <CloudModelParam>
            <option name="autoTrigger">
              <CloudModelAutoTrigger>
                <option name="enable" value="false" />
                <option name="generateLength" value="level_1" />
                <option name="modelLevel" value="large" />
              </CloudModelAutoTrigger>
            </option>
            <option name="enable" value="true" />
            <option name="manualTrigger">
              <CloudModelManualTrigger>
                <option name="generateLength" value="level_2" />
                <option name="modelLevel" value="large" />
              </CloudModelManualTrigger>
            </option>
          </CloudModelParam>
        </option>
        <option name="local">
          <LocalModelParam>
            <option name="enable" value="true" />
            <option name="inferenceMode" value="auto" />
            <option name="maxCandidateNum" value="3" />
          </LocalModelParam>
        </option>
      </ChangeUserSettingParams>
    </option>
    <option name="recentComplexQueries">
      <map>
        <entry key="Test|1386319834410413">
          <value>
            <list>
              <ChatRecentQuery>
                <option name="chatInputElements">
                  <list>
                    <ChatInputElement>
                      <option name="text" value="cmd.exe /C &quot;cd . &amp;&amp; D:\devtools\CMake\bin\cmake.exe -E vs_link_exe --intdir=CMakeFiles\Test.dir --rc=C:\PROGRA~2\WI3CF2~1\10\bin\100226~1.0\x86\rc.exe --mt=C:\PROGRA~2\WI3CF2~1\10\bin\100226~1.0\x86\mt.exe --manifests  -- C:\PROGRA~1\MICROS~2\2022\COMMUN~1\VC\Tools\MSVC\1438~1.331\bin\Hostx86\x64\link.exe /nologo CMakeFiles\Test.dir\main.cpp.obj CMakeFiles\Test.dir\E_\OpenGL\3rd-package\glad\src\glad.c.obj  /out:Test.exe /implib:Test.lib /pdb:Test.pdb /version:0.0 /machine:x64 /debug /INCREMENTAL /subsystem:console  glfw3.lib  kernel32.lib user32.lib gdi32.lib winspool.lib shell32.lib ole32.lib oleaut32.lib uuid.lib comdlg32.lib advapi32.lib &amp;&amp; cd .&quot;&#10;LINK Pass 1: command &quot;C:\PROGRA~1\MICROS~2\2022\COMMUN~1\VC\Tools\MSVC\1438~1.331\bin\Hostx86\x64\link.exe /nologo CMakeFiles\Test.dir\main.cpp.obj CMakeFiles\Test.dir\E_\OpenGL\3rd-package\glad\src\glad.c.obj /out:Test.exe /implib:Test.lib /pdb:Test.pdb /version:0.0 /machine:x64 /debug /INCREMENTAL /subsystem:console glfw3.lib kernel32.lib user32.lib gdi32.lib winspool.lib shell32.lib ole32.lib oleaut32.lib uuid.lib comdlg32.lib advapi32.lib /MANIFEST /MANIFESTFILE:CMakeFiles\Test.dir/intermediate.manifest CMakeFiles\Test.dir/manifest.res&quot; failed (exit code 1104) with the following output:&#10;LINK : fatal error LNK1104: cannot open file 'glfw3.lib'&#10;ninja: build stopped: subcommand failed.&#10;" />
                      <option name="type" value="text" />
                    </ChatInputElement>
                  </list>
                </option>
                <option name="contextTags">
                  <list>
                    <ChatContextTag>
                      <option name="componentType" value="comboBox" />
                      <option name="contextProvider">
                        <SuggestPrompt>
                          <option name="componentType" value="comboBox" />
                          <option name="contextName" value="file" />
                          <option name="drillDownEnable" value="true" />
                          <option name="enabled" value="true" />
                          <option name="extra">
                            <map>
                              <entry key="contextType">
                                <value>
                                  <Object />
                                </value>
                              </entry>
                            </map>
                          </option>
                          <option name="hint" value="file" />
                          <option name="id" value="7a0c2792-b1ed-49ec-a82b-d97b16a242b4" />
                          <option name="text" value="#file" />
                          <option name="type" value="context" />
                        </SuggestPrompt>
                      </option>
                      <option name="extra">
                        <map>
                          <entry key="contextType">
                            <value>
                              <Object />
                            </value>
                          </entry>
                          <entry key="endLine" />
                          <entry key="fileName">
                            <value>
                              <Object />
                            </value>
                          </entry>
                          <entry key="filePath">
                            <value>
                              <Object />
                            </value>
                          </entry>
                          <entry key="selectedItemContent" />
                          <entry key="startLine" />
                        </map>
                      </option>
                      <option name="id" value="D:\projects\opengl\main.cpp" />
                      <option name="name" value="D:\projects\opengl\main.cpp" />
                      <option name="payload">
                        <Object />
                      </option>
                      <option name="text" value="main.cpp" />
                      <option name="type" value="currentFile" />
                    </ChatContextTag>
                  </list>
                </option>
              </ChatRecentQuery>
            </list>
          </value>
        </entry>
      </map>
    </option>
    <option name="recentQueries">
      <map>
        <entry key="hsvspy_projects|1386319834410413">
          <value>
            <list>
              <option value="针对以下终端信息，请解释原因并提供修复意见。" />
            </list>
          </value>
        </entry>
        <entry key="hsvspy_projects|1386319834410413|">
          <value>
            <list>
              <option value="针对以下终端信息，请解释原因并提供修复意见。" />
            </list>
          </value>
        </entry>
        <entry key="tool-monitoring-projects|1386319834410413">
          <value>
            <list>
              <option value="数据库left join" />
              <option value="diagrams插件如何使用" />
            </list>
          </value>
        </entry>
      </map>
    </option>
    <option name="showInlineNextTips" value="false" />
    <option name="showInlineTriggerTips" value="false" />
  </component>
</application>