<application>
  <component name="FileTypeManager" version="19">
    <extensionMap>
      <mapping pattern="air-sampling-detector_arm_gui_v3" type="AUTO_DETECTED" />
      <mapping ext="qm" type="PLAIN_TEXT" />
      <mapping ext="rc" type="PLAIN_TEXT" />
      <mapping ext="key" type="PLAIN_TEXT" />
      <mapping ext="sym" type="PLAIN_TEXT" />
      <mapping ext="bin" type="PLAIN_TEXT" />
      <mapping ext="in" type="PLAIN_TEXT" />
      <mapping ext="nsi" type="PLAIN_TEXT" />
      <removed_mapping ext="apk" approved="true" type="ARCHIVE" />
      <removed_mapping ext="pdf" approved="true" type="Native" />
      <removed_mapping ext="pro" approved="true" type="DeviceSpecFile" />
      <removed_mapping ext="psd" approved="true" type="Image" />
      <mapping ext="gradle.kts" type="Kotlin" />
      <mapping ext="main.kts" type="Kotlin" />
    </extensionMap>
  </component>
</application>