<application>
  <component name="GeneralSettings">
    <option name="showTipsOnStartup" value="false" />
    <option name="confirmExit" value="false" />
    <option name="confirmOpenNewProject2" value="-1" />
    <option name="processCloseConfirmation" value="TERMINATE" />
  </component>
  <component name="Registry">
    <entry key="ide.text.editor.with.preview.show.floating.toolbar" value="false" />
    <entry key="ide.experimental.ui" value="true" />
    <entry key="run.processes.with.pty" value="false" />
    <entry key="external.system.auto.import.disabled" value="true" />
    <entry key="debugger.new.tool.window.layout" value="true" />
    <entry key="cidr.max.intellisense.file.length" value="2000000" />
  </component>
  <component name="StatusBar">
    <option name="widgets">
      <map>
        <entry key="Memory" value="true" />
      </map>
    </option>
  </component>
</application>