<application>
  <component name="SshConfigs">
    <configs>
      <sshConfig authType="PASSWORD" connectionConfig="{&quot;serverAliveInterval&quot;:300}" host="139.9.189.48" id="920ada70-4029-40ce-bec2-2460884ec5de" port="22" nameFormat="DESCRIPTIVE" username="lyf" useOpenSSHConfig="true" />
      <sshConfig authType="PASSWORD" connectionConfig="{&quot;serverAliveInterval&quot;:300}" host="192.168.1.159" id="ba3e029c-72b5-49e9-b6f6-17a89a4c4149" port="50016" nameFormat="DESCRIPTIVE" username="root" useOpenSSHConfig="true" />
      <sshConfig authType="PASSWORD" connectionConfig="{&quot;serverAliveInterval&quot;:300}" host="192.168.1.197" id="768ddd41-0b72-4b87-8c62-09667195f384" port="22" nameFormat="DESCRIPTIVE" username="root" useOpenSSHConfig="false" />
      <sshConfig connectionConfig="{&quot;serverAliveInterval&quot;:300}" host="192.168.1.125" id="d0fbeb89-a902-4d95-9f77-2e1080cc1c52" keyPath="C:\Users\12867\.ssh\remote_125" port="22" nameFormat="DESCRIPTIVE" username="zl" useOpenSSHConfig="true" />
      <sshConfig authType="PASSWORD" connectionConfig="{&quot;serverAliveInterval&quot;:300}" host="192.168.1.159" id="4d06f922-bf82-4d12-bcb7-a779d0de66fa" port="22" nameFormat="DESCRIPTIVE" username="root" useOpenSSHConfig="true" />
    </configs>
  </component>
</application>