<application>
  <component name="UpdatesConfigurable">
    <ignoredBuildNumbers>
      <item value="emulator#30.2.6" />
      <item value="ndk-bundle#22.0.6917172 rc1" />
    </ignoredBuildNumbers>
    <option name="LAST_BUILD_CHECKED" value="CL-233.11799.238" />
    <option name="LAST_TIME_CHECKED" value="1733792602461" />
    <option name="OBSOLETE_CUSTOM_REPOSITORIES_CLEAN_NEEDED" value="false" />
    <option name="THIRD_PARTY_PLUGINS_ALLOWED" value="true" />
    <option name="WHATS_NEW_SHOWN_FOR" value="233" />
  </component>
</application>