<application>
  <component name="WebServers">
    <option name="servers">
      <webServer id="359ac079-32c4-4b58-a2a0-69e81b6d804d" name="remote.159 (359ac079-32c4-4b58-a2a0-69e81b6d804d)" url="http:///">
        <fileTransfer accessType="SFTP" host="192.168.1.159" port="22" sshConfigId="4d06f922-bf82-4d12-bcb7-a779d0de66fa" sshConfig="root@192.168.1.159:22 password" />
      </webServer>
      <webServer id="52d8628f-f09f-4651-907b-0dd87fdcf40f" name="remote.159.qt6 (52d8628f-f09f-4651-907b-0dd87fdcf40f)" url="http:///">
        <fileTransfer accessType="SFTP" host="192.168.1.159" port="50016" sshConfigId="ba3e029c-72b5-49e9-b6f6-17a89a4c4149" sshConfig="root@192.168.1.159:50016 password" />
      </webServer>
      <webServer id="ca98e3e0-7d7d-43f1-8dac-f8268bc6af2c" name="test (ca98e3e0-7d7d-43f1-8dac-f8268bc6af2c)" url="http:///">
        <fileTransfer accessType="SFTP" host="139.9.189.48" port="22" sshConfigId="920ada70-4029-40ce-bec2-2460884ec5de" sshConfig="lyf@139.9.189.48:22 password" />
      </webServer>
    </option>
    <groups>
      <group>
        <name>远程开发</name>
        <mayChangeLevel>false</mayChangeLevel>
        <servers>
          <name value="remote.159 (359ac079-32c4-4b58-a2a0-69e81b6d804d)" />
          <name value="remote.159.qt6 (52d8628f-f09f-4651-907b-0dd87fdcf40f)" />
          <name value="test (ca98e3e0-7d7d-43f1-8dac-f8268bc6af2c)" />
        </servers>
      </group>
    </groups>
  </component>
</application>