<toolSet name="External Tools">
  <tool name="JNI Descriptor Generator" description="java类型描述符生成" showInMainMenu="false" showInEditor="false" showInProject="false" showInSearchPopup="false" disabled="false" useConsole="true" showConsoleOnStdOut="false" showConsoleOnStdErr="false" synchronizeAfterRun="true">
    <exec>
      <option name="COMMAND" value="$JDKPath$/bin/javap" />
      <option name="PARAMETERS" value="-s -p $FileClass$" />
      <option name="WORKING_DIRECTORY" value="$ModuleFileDir$/build/intermediates/classes/debug" />
    </exec>
  </tool>
  <tool name="QtDesigner" showInMainMenu="false" showInEditor="false" showInProject="false" showInSearchPopup="false" disabled="false" useConsole="true" showConsoleOnStdOut="false" showConsoleOnStdErr="false" synchronizeAfterRun="true">
    <exec>
      <option name="COMMAND" value="D:\devtools_installer\5.15.2\msvc2019_64\bin\designer.exe" />
      <option name="PARAMETERS" value="$FilePath$" />
      <option name="WORKING_DIRECTORY" value="$ProjectFileDir$" />
    </exec>
  </tool>
  <tool name="QrcEditor" showInMainMenu="false" showInEditor="false" showInProject="false" showInSearchPopup="false" disabled="false" useConsole="true" showConsoleOnStdOut="false" showConsoleOnStdErr="false" synchronizeAfterRun="true">
    <exec>
      <option name="COMMAND" value="C:\Users\Admin\AppData\Local\Microsoft\VisualStudio\17.0_cd79bdfd\Extensions\3k40rbld.hb3\qrceditor.exe" />
      <option name="PARAMETERS" value="$FilePath$" />
      <option name="WORKING_DIRECTORY" value="$FileDir$" />
    </exec>
  </tool>
  <tool name="QtAssistant" showInMainMenu="false" showInEditor="false" showInProject="false" showInSearchPopup="false" disabled="false" useConsole="true" showConsoleOnStdOut="false" showConsoleOnStdErr="false" synchronizeAfterRun="true">
    <exec>
      <option name="COMMAND" value="D:\devtools_installer\5.15.2\msvc2019_64\bin\assistant.exe" />
      <option name="PARAMETERS" value="$FilePath$" />
      <option name="WORKING_DIRECTORY" value="$FileDir$" />
    </exec>
  </tool>
  <tool name="QtLinguist" showInMainMenu="false" showInEditor="false" showInProject="false" showInSearchPopup="false" disabled="false" useConsole="true" showConsoleOnStdOut="false" showConsoleOnStdErr="false" synchronizeAfterRun="true">
    <exec>
      <option name="COMMAND" value="D:\devtools_installer\5.15.2\msvc2019_64\bin\linguist.exe" />
      <option name="PARAMETERS" value="$FilePath$" />
      <option name="WORKING_DIRECTORY" value="$FileDir$" />
    </exec>
  </tool>
</toolSet>